GB_ACC,VALUE
AB045323,0.240589
AK003367,-0.393227
AK003755,-1.54804
AK004524,-0.148402
AK004937,-0.226702
AK005789,0.320937
AK010722,-0.012207
AK015719,0.182768
BC003241,0.007342
BC003333,-0.986599
NM_008029,-1.484182
NM_008154,0.141225
NM_008462,0.023881
NM_009750,-1.034478
NM_010517,0.358304
NM_023120,-0.084895
NM_025999,-0.61222
NM_054088,-1.826136
U02079,-1.627476
